<?xml version="1.0" encoding="UTF-8"?><?xml-stylesheet type='text/xsl' href='_UpgradeReport_Files/UpgradeReport.xslt'?><UpgradeLog>
<Properties><Property Name="Solution" Value="Velocity">
</Property><Property Name="Solution File" Value="C:\Development\Velocity\Velocity.sln">
</Property><Property Name="Date" Value="Tuesday, March 08, 2011">
</Property><Property Name="Time" Value="23:03 PM">
</Property></Properties><Event ErrorLevel="0" Project="NHibernate.Caches.Velocity" Source="NHibernate.Caches.Velocity\NHibernate.Caches.Velocity.csproj" Description="Project converted successfully">
</Event><Event ErrorLevel="3" Project="NHibernate.Caches.Velocity" Source="NHibernate.Caches.Velocity\NHibernate.Caches.Velocity.csproj" Description="Converted">
</Event><Event ErrorLevel="0" Project="NHibernate.Caches.Velocity.Tests" Source="NHibernate.Caches.Velocity.Tests\NHibernate.Caches.Velocity.Tests.csproj" Description="Project converted successfully">
</Event><Event ErrorLevel="3" Project="NHibernate.Caches.Velocity.Tests" Source="NHibernate.Caches.Velocity.Tests\NHibernate.Caches.Velocity.Tests.csproj" Description="Converted">
</Event><Event ErrorLevel="0" Project="" Source="Velocity.sln" Description="Solution converted successfully">
</Event><Event ErrorLevel="3" Project="" Source="Velocity.sln" Description="Converted">
</Event><Event ErrorLevel="0" Project="NHibernate.Caches.Velocity" Source="NHibernate.Caches.Velocity\NHibernate.Caches.Velocity.csproj" Description="Scan complete: Upgrade not required for project files.">
</Event><Event ErrorLevel="0" Project="NHibernate.Caches.Velocity.Tests" Source="NHibernate.Caches.Velocity.Tests\NHibernate.Caches.Velocity.Tests.csproj" Description="Scan complete: Upgrade not required for project files.">
</Event></UpgradeLog>